{
  "form": {
    "labelCol": 6,
    "wrapperCol": 18
  },
  "schema": {
    "type": "object",
    "properties": {
      "td0fodpke2m": {
        "type": "void",
        "x-component": "FormCollapse",
        "x-component-props": {
          "accordion": false,
          "ghost": false,
          "style": {
            "backgroundColor": "#f0f0f0",
            "borderStyle": "none"
          }
        },
        "x-designable-id": "td0fodpke2m",
        "x-index": 0,
        "properties": {
          "基本信息": {
            "type": "void",
            "x-component": "FormCollapse.CollapsePanel",
            "x-component-props": {
              "header": "当前为配置模板，可在此基础上修改",
              "style": {
                "borderRadius": "6px 6px 6px 6px",
                "backgroundColor": "#fff",
                "margin": "0px 0px 10px 0px"
              }
            },
            "x-designable-id": "vgnd2trn13o",
            "x-index": 0,
            "name": "基本信息",
            "properties": {
              "rore6y32odk": {
                "type": "void",
                "x-component": "FormLayout",
                "x-component-props": {
                  "style": {
                    "display": "flex",
                    "flexWrap": "wrap",
                    "flexDirection": "row",
                    "alignContent": "center",
                    "justifyContent": "flex-start",
                    "alignItems": "center"
                  },
                  "inset": false,
                  "wrapperWrap": false,
                  "labelWrap": false,
                  "labelCol": null,
                  "wrapperCol": null,
                  "shallow": true,
                  "fullness": false,
                  "labelAlign": "right",
                  "wrapperAlign": "left",
                  "labelWidth": "180px",
                  "wrapperWidth": "190px",
                  "feedbackLayout": "terse"
                },
                "x-designable-id": "rore6y32odk",
                "x-index": 0,
                "properties": {
                  "FUNDCODE": {
                    "type": "string",
                    "title": "产品代码",
                    "x-decorator": "FormItem",
                    "x-component": "Input",
                    "x-validator": [],
                    "x-component-props": {
                      "placeholder": "请输入产品代码"
                    },
                    "x-decorator-props": {},
                    "x-designable-id": "t0ya39wik2y",
                    "x-index": 0,
                    "name": "FUNDCODE"
                  }
                }
              }
            }
          },
          "基金份额": {
            "type": "void",
            "x-component": "FormCollapse.CollapsePanel",
            "x-component-props": {
              "header": "基金份额",
              "style": {
                "borderRadius": "6px 6px 6px 6px",
                "backgroundColor": "#fff",
                "margin": "0px 0px 10px 0px"
              }
            },
            "x-designable-id": "c6bxlyjjzd9",
            "x-index": 1,
            "name": "基金份额",
            "properties": {
              "FUNDSHARE": {
                "type": "array",
                "x-decorator": "FormItem",
                "x-component": "ArrayTabs",
                "x-component-props": {},
                "x-validator": [],
                "x-decorator-props": {
                  "labelWidth": "0px",
                  "colon": false
                },
                "title": "份额",
                "x-designable-id": "5gyhsfxpj6r",
                "x-index": 0,
                "name": "FUNDSHARE",
                "items": {
                  "type": "object",
                  "x-validator": [],
                  "x-designable-id": "uioc5ccm9tr",
                  "properties": {
                    "umqc5kcnjlk": {
                      "type": "void",
                      "x-component": "FormLayout",
                      "x-component-props": {
                        "style": {
                          "display": "flex",
                          "flexDirection": "row",
                          "flexWrap": "wrap",
                          "alignContent": "center",
                          "justifyContent": "flex-start",
                          "alignItems": "center"
                        },
                        "labelWidth": "180px",
                        "wrapperWidth": "190px"
                      },
                      "x-designable-id": "umqc5kcnjlk",
                      "x-index": 0,
                      "properties": {
                        "FUNDCODE": {
                          "type": "number",
                          "title": "份额代码",
                          "x-decorator": "FormItem",
                          "x-component": "Input",
                          "x-validator": [],
                          "x-component-props": {},
                          "x-decorator-props": {},
                          "x-designable-id": "wa47z4s5ny4",
                          "x-index": 0,
                          "name": "FUNDCODE"
                        }
                      }
                    },
                    "RGFEE-CONTAINER": {
                      "type": "void",
                      "x-component": "Card",
                      "x-component-props": {
                        "title": "认购费",
                        "style": {
                          "margin": "0px 0px 10px 0px"
                        }
                      },
                      "x-designable-id": "8jurmr5q1tj",
                      "x-index": 1,
                      "name": "RGFEE-CONTAINER",
                      "properties": {
                        "RGFEE": {
                          "type": "array",
                          "x-decorator": "FormItem",
                          "x-component": "ArrayTable",
                          "x-validator": [],
                          "x-component-props": {},
                          "x-decorator-props": {},
                          "x-designable-id": "npgjs6ehv23",
                          "x-index": 0,
                          "name": "RGFEE",
                          "items": {
                            "type": "object",
                            "x-designable-id": "wdxyl4o77qa",
                            "x-validator": [],
                            "properties": {
                              "MINSUM-CONTAINER": {
                                "type": "void",
                                "x-component": "ArrayTable.Column",
                                "x-component-props": {
                                  "title": "认购金额下限(包含)"
                                },
                                "x-designable-id": "pxiodncxeff",
                                "x-index": 0,
                                "name": "MINSUM-CONTAINER",
                                "properties": {
                                  "MINSUM": {
                                    "type": "number",
                                    "x-decorator": "FormItem",
                                    "x-component": "NumberPicker",
                                    "x-designable-id": "p3t3xwd2d2f",
                                    "x-index": 0,
                                    "x-validator": [],
                                    "x-component-props": {},
                                    "x-decorator-props": {},
                                    "name": "MINSUM"
                                  }
                                }
                              },
                              "MAXSUM-CONTAINER": {
                                "type": "void",
                                "x-component": "ArrayTable.Column",
                                "x-component-props": {
                                  "title": "认购金额上限(不包含)"
                                },
                                "x-designable-id": "4b2m7u29z08",
                                "x-index": 1,
                                "name": "MAXSUM-CONTAINER",
                                "properties": {
                                  "MAXSUM": {
                                    "type": "number",
                                    "x-decorator": "FormItem",
                                    "x-component": "NumberPicker",
                                    "x-designable-id": "q5jcz6oplqx",
                                    "x-index": 0,
                                    "x-validator": [],
                                    "x-component-props": {},
                                    "x-decorator-props": {},
                                    "name": "MAXSUM"
                                  }
                                }
                              },
                              "MINDAY-CONTAINER": {
                                "type": "void",
                                "x-component": "ArrayTable.Column",
                                "x-component-props": {
                                  "title": "持有期限下限(包含)"
                                },
                                "x-designable-id": "oreywinwr81",
                                "x-reactions": [
                                  {
                                    "dependencies": ["..subscribeShowPeriod"],
                                    "fulfill": {
                                      "schema": {
                                        "x-visible": "{{$deps[0]}}"
                                      }
                                    }
                                  }
                                ],
                                "x-index": 2,
                                "name": "MINDAY-CONTAINER",
                                "properties": {
                                  "MINDAY": {
                                    "type": "number",
                                    "x-decorator": "FormItem",
                                    "x-component": "NumberPicker",
                                    "x-validator": [],
                                    "x-component-props": {},
                                    "x-decorator-props": {},
                                    "name": "MINDAY",
                                    "x-designable-id": "o2ge6bidlu0",
                                    "x-index": 0
                                  }
                                }
                              },
                              "MAXDAY-CONTAINER": {
                                "type": "void",
                                "x-component": "ArrayTable.Column",
                                "x-component-props": {
                                  "title": "持有期限上限(不包含)"
                                },
                                "x-designable-id": "we70p8ood6l",
                                "x-reactions": [
                                  {
                                    "dependencies": ["..subscribeShowPeriod"],
                                    "fulfill": {
                                      "schema": {
                                        "x-visible": "{{$deps[0]}}"
                                      }
                                    }
                                  }
                                ],
                                "x-index": 3,
                                "name": "MAXDAY-CONTAINER",
                                "properties": {
                                  "MAXDAY": {
                                    "type": "number",
                                    "x-decorator": "FormItem",
                                    "x-component": "NumberPicker",
                                    "x-designable-id": "odtnvubvynd",
                                    "x-index": 0,
                                    "x-validator": [],
                                    "x-component-props": {},
                                    "x-decorator-props": {},
                                    "name": "MAXDAY"
                                  }
                                }
                              },
                              "RATE-CONTAINER": {
                                "type": "void",
                                "x-component": "ArrayTable.Column",
                                "x-component-props": {
                                  "title": "费率\t"
                                },
                                "x-designable-id": "q1rru0hxqyt",
                                "x-index": 4,
                                "name": "RATE-CONTAINER",
                                "properties": {
                                  "RATE": {
                                    "type": "number",
                                    "x-decorator": "FormItem",
                                    "x-component": "NumberPicker",
                                    "x-designable-id": "lh0ou7lmgps",
                                    "x-index": 0,
                                    "x-validator": [],
                                    "x-component-props": {},
                                    "x-decorator-props": {},
                                    "name": "RATE"
                                  }
                                }
                              },
                              "ib9ko8qvluh": {
                                "type": "void",
                                "x-component": "ArrayTable.Column",
                                "x-component-props": {
                                  "title": "操作"
                                },
                                "x-designable-id": "ib9ko8qvluh",
                                "x-index": 5,
                                "properties": {
                                  "y7ewp9wrvy1": {
                                    "type": "void",
                                    "x-component": "ArrayTable.Remove",
                                    "x-designable-id": "y7ewp9wrvy1",
                                    "x-index": 0
                                  },
                                  "9ptqoizhx59": {
                                    "type": "void",
                                    "x-component": "ArrayTable.MoveDown",
                                    "x-designable-id": "9ptqoizhx59",
                                    "x-index": 1
                                  },
                                  "kfpjye6gq3h": {
                                    "type": "void",
                                    "x-component": "ArrayTable.MoveUp",
                                    "x-designable-id": "kfpjye6gq3h",
                                    "x-index": 2
                                  }
                                }
                              }
                            }
                          },
                          "properties": {
                            "fsmeajmy3ir": {
                              "type": "void",
                              "title": "添加",
                              "x-component": "ArrayTable.Addition",
                              "x-component-props": {
                                "method": "push"
                              },
                              "x-designable-id": "fsmeajmy3ir",
                              "x-index": 0
                            }
                          }
                        }
                      }
                    },
                    "SGFEE-CONTAINER": {
                      "type": "void",
                      "x-component": "Card",
                      "x-component-props": {
                        "title": "申购费",
                        "style": {
                          "margin": "0px 0px 10px 0px"
                        }
                      },
                      "x-designable-id": "vgdgr80l6hp",
                      "x-index": 2,
                      "name": "SGFEE-CONTAINER",
                      "properties": {
                        "purchaseShowPeriod": {
                          "type": "boolean",
                          "title": "显示持有期限",
                          "x-decorator": "FormItem",
                          "x-component": "Switch",
                          "x-validator": [],
                          "x-component-props": {},
                          "x-decorator-props": {},
                          "default": "",
                          "x-designable-id": "w77csux4ot3",
                          "x-index": 0,
                          "name": "purchaseShowPeriod"
                        },
                        "SGFEE": {
                          "type": "array",
                          "x-decorator": "FormItem",
                          "x-component": "ArrayTable",
                          "x-validator": [],
                          "x-component-props": {},
                          "x-decorator-props": {},
                          "x-designable-id": "ium8ft9h3rl",
                          "x-index": 1,
                          "name": "SGFEE",
                          "items": {
                            "type": "object",
                            "x-designable-id": "0ppx8920u1h",
                            "properties": {
                              "MINSUM-CONTAINER": {
                                "type": "void",
                                "x-component": "ArrayTable.Column",
                                "x-component-props": {
                                  "title": "申购金额下限(包含)"
                                },
                                "x-designable-id": "g9gd9igyjth",
                                "x-index": 0,
                                "name": "MINSUM-CONTAINER",
                                "properties": {
                                  "MINSUM": {
                                    "type": "number",
                                    "x-decorator": "FormItem",
                                    "x-component": "NumberPicker",
                                    "x-designable-id": "vtrold8zynq",
                                    "x-index": 0,
                                    "x-validator": [],
                                    "x-component-props": {},
                                    "x-decorator-props": {},
                                    "name": "MINSUM"
                                  }
                                }
                              },
                              "MAXSUM-CONTAINER": {
                                "type": "void",
                                "x-component": "ArrayTable.Column",
                                "x-component-props": {
                                  "title": "申购金额上限(不包含)"
                                },
                                "x-designable-id": "tbvuyjab8tk",
                                "x-index": 1,
                                "name": "MAXSUM-CONTAINER",
                                "properties": {
                                  "MAXSUM": {
                                    "type": "number",
                                    "x-decorator": "FormItem",
                                    "x-component": "NumberPicker",
                                    "x-designable-id": "yipmg425wmn",
                                    "x-index": 0,
                                    "x-validator": [],
                                    "x-component-props": {},
                                    "x-decorator-props": {},
                                    "name": "MAXSUM"
                                  }
                                }
                              },
                              "MINDAY-CONTAINER": {
                                "type": "void",
                                "x-component": "ArrayTable.Column",
                                "x-component-props": {
                                  "title": "持有期限下限(包含)"
                                },
                                "x-designable-id": "59crqw559ba",
                                "x-reactions": [
                                  {
                                    "dependencies": ["..purchaseShowPeriod"],
                                    "fulfill": {
                                      "schema": {
                                        "x-visible": "{{$deps[0]}}"
                                      }
                                    }
                                  }
                                ],
                                "x-index": 2,
                                "name": "MINDAY-CONTAINER",
                                "properties": {
                                  "MINDAY": {
                                    "type": "number",
                                    "x-decorator": "FormItem",
                                    "x-component": "NumberPicker",
                                    "x-validator": [],
                                    "x-component-props": {},
                                    "x-decorator-props": {},
                                    "name": "MINDAY",
                                    "x-designable-id": "6z7gd2xk7rj",
                                    "x-index": 0
                                  }
                                }
                              },
                              "MAXDAY-CONTAINER": {
                                "type": "void",
                                "x-component": "ArrayTable.Column",
                                "x-component-props": {
                                  "title": "持有期限上限(不包含)"
                                },
                                "x-designable-id": "tcrja5o2ajd",
                                "x-reactions": [
                                  {
                                    "dependencies": ["..purchaseShowPeriod"],
                                    "fulfill": {
                                      "schema": {
                                        "x-visible": "{{$deps[0]}}"
                                      }
                                    }
                                  }
                                ],
                                "x-index": 3,
                                "name": "MAXDAY-CONTAINER",
                                "properties": {
                                  "MAXDAY": {
                                    "type": "number",
                                    "x-decorator": "FormItem",
                                    "x-component": "NumberPicker",
                                    "x-designable-id": "bskcs0fx3op",
                                    "x-index": 0,
                                    "x-validator": [],
                                    "x-component-props": {},
                                    "x-decorator-props": {},
                                    "name": "MAXDAY"
                                  }
                                }
                              },
                              "RATE-CONTAINER": {
                                "type": "void",
                                "x-component": "ArrayTable.Column",
                                "x-component-props": {
                                  "title": "费率\t"
                                },
                                "x-designable-id": "6w59yvmtb8v",
                                "x-index": 4,
                                "name": "RATE-CONTAINER",
                                "properties": {
                                  "RATE": {
                                    "type": "number",
                                    "x-decorator": "FormItem",
                                    "x-component": "NumberPicker",
                                    "x-designable-id": "sjquy9cxusx",
                                    "x-index": 0,
                                    "x-validator": [],
                                    "x-component-props": {},
                                    "x-decorator-props": {},
                                    "name": "RATE"
                                  }
                                }
                              },
                              "l32y7fx6wxq": {
                                "type": "void",
                                "x-component": "ArrayTable.Column",
                                "x-component-props": {
                                  "title": "费率单位\t"
                                },
                                "x-designable-id": "l32y7fx6wxq",
                                "x-index": 5,
                                "properties": {
                                  "k4o53ph9ujr": {
                                    "x-decorator": "FormItem",
                                    "x-component": "Select",
                                    "x-designable-id": "k4o53ph9ujr",
                                    "x-index": 0
                                  }
                                }
                              },
                              "y8nkd7v4gz5": {
                                "type": "void",
                                "x-component": "ArrayTable.Column",
                                "x-component-props": {
                                  "title": "操作"
                                },
                                "x-designable-id": "y8nkd7v4gz5",
                                "x-index": 6,
                                "properties": {
                                  "1lpg6qd0ttq": {
                                    "type": "void",
                                    "x-component": "ArrayTable.Remove",
                                    "x-designable-id": "1lpg6qd0ttq",
                                    "x-index": 0
                                  },
                                  "4e4er7hvtri": {
                                    "type": "void",
                                    "x-component": "ArrayTable.MoveDown",
                                    "x-designable-id": "4e4er7hvtri",
                                    "x-index": 1
                                  },
                                  "ixgejnlwe4y": {
                                    "type": "void",
                                    "x-component": "ArrayTable.MoveUp",
                                    "x-designable-id": "ixgejnlwe4y",
                                    "x-index": 2
                                  }
                                }
                              }
                            }
                          },
                          "properties": {
                            "518ckljiaho": {
                              "type": "void",
                              "title": "添加",
                              "x-component": "ArrayTable.Addition",
                              "x-component-props": {
                                "method": "push"
                              },
                              "x-designable-id": "518ckljiaho",
                              "x-index": 0
                            }
                          }
                        }
                      }
                    },
                    "SHFEE-CONTAINER": {
                      "type": "void",
                      "x-component": "Card",
                      "x-component-props": {
                        "title": "赎回费",
                        "style": {
                          "margin": "0px 0px 10px 0px"
                        }
                      },
                      "x-designable-id": "qsecgj4cuc0",
                      "x-index": 3,
                      "name": "SHFEE-CONTAINER",
                      "properties": {
                        "SHFEE": {
                          "type": "array",
                          "x-decorator": "FormItem",
                          "x-component": "ArrayTable",
                          "x-validator": [],
                          "x-component-props": {},
                          "x-decorator-props": {},
                          "x-designable-id": "vr0h6os4w5z",
                          "x-index": 0,
                          "name": "SHFEE",
                          "items": {
                            "type": "object",
                            "x-designable-id": "3aqrh7x6toa",
                            "properties": {
                              "djdbmnelbwa": {
                                "type": "void",
                                "x-component": "ArrayTable.Column",
                                "x-component-props": {
                                  "title": "Title"
                                },
                                "x-designable-id": "djdbmnelbwa",
                                "properties": {
                                  "MINSUM": {
                                    "type": "number",
                                    "x-decorator": "FormItem",
                                    "x-component": "NumberPicker",
                                    "x-designable-id": "eun934ck3xg",
                                    "x-index": 0,
                                    "x-validator": [],
                                    "x-component-props": {},
                                    "x-decorator-props": {},
                                    "name": "MINSUM"
                                  }
                                },
                                "x-index": 0
                              },
                              "MAXSUM-CONTAINER": {
                                "type": "void",
                                "x-component": "ArrayTable.Column",
                                "x-component-props": {
                                  "title": "持有期限上限(不包含)\t"
                                },
                                "x-designable-id": "dnba214m0mh",
                                "x-index": 3,
                                "name": "MAXSUM-CONTAINER",
                                "properties": {
                                  "MAXSUM": {
                                    "type": "number",
                                    "x-decorator": "FormItem",
                                    "x-component": "NumberPicker",
                                    "x-designable-id": "tgb5n234tml",
                                    "x-index": 0,
                                    "x-validator": [],
                                    "x-component-props": {},
                                    "x-decorator-props": {},
                                    "name": "MAXSUM"
                                  }
                                }
                              },
                              "MINSUM-CONTAINER": {
                                "type": "void",
                                "x-component": "ArrayTable.Column",
                                "x-component-props": {
                                  "title": "持有期限下限(包含)\t"
                                },
                                "x-designable-id": "ozu1bdcu0or",
                                "x-index": 2,
                                "name": "MINSUM-CONTAINER",
                                "properties": {
                                  "MINSUM": {
                                    "type": "number",
                                    "x-decorator": "FormItem",
                                    "x-component": "NumberPicker",
                                    "x-designable-id": "rbksfxrbcp7",
                                    "x-index": 0,
                                    "x-validator": [],
                                    "x-component-props": {},
                                    "x-decorator-props": {},
                                    "name": "MINSUM"
                                  }
                                }
                              },
                              "RATE-CONTAINER": {
                                "type": "void",
                                "x-component": "ArrayTable.Column",
                                "x-component-props": {
                                  "title": "费率\t"
                                },
                                "x-designable-id": "8o3ne7i0jcy",
                                "x-index": 4,
                                "name": "RATE-CONTAINER",
                                "properties": {
                                  "RATE": {
                                    "type": "number",
                                    "x-decorator": "FormItem",
                                    "x-component": "NumberPicker",
                                    "x-designable-id": "i06wkr0w3be",
                                    "x-index": 0,
                                    "x-validator": [],
                                    "x-component-props": {},
                                    "x-decorator-props": {},
                                    "name": "RATE"
                                  }
                                }
                              },
                              "ff89qbo8hnr": {
                                "type": "void",
                                "x-component": "ArrayTable.Column",
                                "x-component-props": {
                                  "title": "操作"
                                },
                                "x-designable-id": "ff89qbo8hnr",
                                "x-index": 5,
                                "properties": {
                                  "yt5kqp6xzzf": {
                                    "type": "void",
                                    "x-component": "ArrayTable.Remove",
                                    "x-designable-id": "yt5kqp6xzzf",
                                    "x-index": 0
                                  },
                                  "54jnyhizqh8": {
                                    "type": "void",
                                    "x-component": "ArrayTable.MoveDown",
                                    "x-designable-id": "54jnyhizqh8",
                                    "x-index": 1
                                  },
                                  "6enhavopy5f": {
                                    "type": "void",
                                    "x-component": "ArrayTable.MoveUp",
                                    "x-designable-id": "6enhavopy5f",
                                    "x-index": 2
                                  }
                                }
                              }
                            }
                          },
                          "properties": {
                            "tykv8p299cx": {
                              "type": "void",
                              "title": "添加",
                              "x-component": "ArrayTable.Addition",
                              "x-component-props": {
                                "method": "push"
                              },
                              "x-designable-id": "tykv8p299cx",
                              "x-index": 0
                            }
                          }
                        }
                      }
                    }
                  }
                }
              }
            }
          }
        }
      }
    },
    "x-designable-id": "tit2i4y2otk"
  }
}
